의뢰기관,시설군,배출시설,시설명,채취장소_x,시료명_x,PM10,PM2.5,CO2,폼알데하이드,부유세균,라돈,라돈(밀폐),벤젠,톨루엔,에틸벤젠,자일렌,스틸렌,부적합항목,확인일,접수번호
남양주시,다중이용시설,지하역사,오남역,경기 남양주시 오남읍 진건오남로 지하 929,대합실,,,,,,,,,,,,,,2024-02-13,2792400012-01
남양주시,다중이용시설,지하역사,오남역,경기 남양주시 오남읍 진건오남로 지하 929,승강장,,,,,,,,,,,,,,2024-02-13,2792400012-02
남양주시,다중이용시설,지하역사,별내별가람역,경기 남양주시 별내3로 지하 345 (별내동),승강장,,,,,,,,,,,,,,2024-02-13,2792400013-01
남양주시,다중이용시설,지하역사,별내별가람역,경기 남양주시 별내3로 지하 345 (별내동),대합실,,,,,,,,,,,,,,2024-02-13,2792400013-02
남양주시,다중이용시설,지하역사,남양주시도시공사(진접역),경기 남양주시 진접읍 경복대로 지하 244,대합실,,,,,,,,,,,,,,2024-02-13,2792400014-01
남양주시,다중이용시설,지하역사,남양주시도시공사(진접역),경기 남양주시 진접읍 경복대로 지하 244,승강장,,,,,,,,,,,,,,2024-02-13,2792400014-02
남양주시,가,학원,(주)대성남양주학원,경기 남양주시 수동면 외방로135번길 12-30,가동 202호,37.8,21.4,,,,,,,,,,,,2024-02-16,2792400015-01
남양주시,가,학원,(주)대성남양주학원,경기 남양주시 수동면 외방로135번길 12-30,가동 203호,32.1,25.3,,,,,,,,,,,,2024-02-16,2792400015-02
남양주시,나,노인요양시설,운수사랑요양원,경기 남양주시 수동면 지둔로 15,1층 로비,27.7,24.3,733.0,14.6,107.0,,,,,,,,,2024-02-23,2792400016-01
남양주시,나,노인요양시설,운수사랑요양원,경기 남양주시 수동면 지둔로 15,3층 거실,25.0,10.9,1046.0,16.6,212.0,,,,,,,,이산화탄소,2024-02-23,2792400016-02
남양주시,나,어린이집,진접예랑어린이집,경기 남양주시 진접읍 주곡로 113,로비,13.4,4.5,846.0,25.4,187.0,,,,,,,,,2024-02-27,2792400017-01
남양주시,나,어린이집,진접예랑어린이집,경기 남양주시 진접읍 주곡로 113,토성2반,11.9,3.9,952.0,20.5,260.0,,,,,,,,이산화탄소,2024-02-27,2792400017-02
남양주시,나,어린이집,해피아이어린이집,경기 남양주시 오남읍 진건오남로550번길 30-7,1층 사랑의교실,16.1,5.4,500.0,12.4,417.0,,,,,,,,,2024-02-27,2792400018-01
남양주시,나,어린이집,해피아이어린이집,경기 남양주시 오남읍 진건오남로550번길 30-7,2층 피아노실,10.3,7.4,623.0,18.3,305.0,,,,,,,,,2024-02-27,2792400018-02
남양주시,나,어린이집,밀알성품어린이집,경기 남양주시 오남읍 진건오남로690번길 41,1층 로비,8.6,6.6,344.0,9.1,244.0,,,,,,,,,2024-02-27,2792400019-01
남양주시,나,어린이집,밀알성품어린이집,경기 남양주시 오남읍 진건오남로690번길 41,3층 복도,20.9,12.1,594.0,11.0,603.0,,,,,,,,,2024-02-27,2792400019-02
구리시,나,어린이집,구리사랑나눔어린이집,경기 구리시 갈매순환로 28 (갈매동),창의반,30.3,11.9,1059.0,7.0,348.0,,,,,,,,이산화탄소,2024-03-04,2792400023-01
구리시,나,어린이집,구리사랑나눔어린이집,경기 구리시 갈매순환로 28 (갈매동),맑은반,25.6,15.6,446.0,11.2,1213.0,,,,,,,,총부유세균,2024-03-04,2792400023-02
구리시,나,어린이집,시립갈매어린이집,경기 구리시 갈매중앙로 80 (갈매동) 1층,유희실,14.8,7.9,637.0,13.4,324.0,,,,,,,,,2024-03-04,2792400024-01
구리시,나,어린이집,시립갈매어린이집,경기 구리시 갈매중앙로 80 (갈매동) 1층,찬솔반,14.6,6.9,581.0,8.5,195.0,,,,,,,,,2024-03-04,2792400024-02
구리시,나,의료기관,구리원진녹색병원,경기 구리시 동구릉로 65 (인창동),1층 입구(로비),10.0,2.5,547.0,2.8,343.0,,,,,,,,,2024-03-06,2792400025-01
구리시,나,의료기관,구리원진녹색병원,경기 구리시 동구릉로 65 (인창동),남 탈의실,14.8,7.5,846.0,11.7,177.0,,,,,,,,,2024-03-06,2792400025-02
구리시,나,노인요양시설,구리시립노인전문요양원,경기 구리시 동구릉로459번길 211 (갈매동),2층 복도 앞,13.3,4.6,704.0,5.7,267.0,,,,,,,,,2024-03-06,2792400026-01
구리시,나,노인요양시설,구리시립노인전문요양원,경기 구리시 동구릉로459번길 211 (갈매동),3층 복도 앞,15.6,6.2,820.0,9.7,205.0,,,,,,,,,2024-03-06,2792400026-02
고양시,나,어린이집,시립화전어린이집,경기 고양시 덕양구 화랑로 1-1 (화전동),1F 여울꿈터반,15.8,6.3,598.0,11.6,119.0,,,,,,,,,2024-03-11,2792400027-01
고양시,나,어린이집,시립화전어린이집,경기 고양시 덕양구 화랑로 1-1 (화전동),2F 유희실,10.2,5.9,808.0,6.0,116.0,,,,,,,,,2024-03-11,2792400027-02
고양시,나,노인요양시설,이화요양원,경기 고양시 덕양구 용두로47번안길 5-19 (용두동),1F 로비,22.8,18.3,645.0,13.0,255.0,,,,,,,,,2024-03-11,2792400028-01
고양시,나,노인요양시설,이화요양원,경기 고양시 덕양구 용두로47번안길 5-19 (용두동),4F 로비,41.8,30.9,816.0,23.4,65.0,,,,,,,,,2024-03-11,2792400028-02
구리시,신축공동주택,신축공동주택,구리갈매 자족1 지식산업센터(기숙사),경기 구리시 갈매동 545,201호,,,,11.1,,,137.0,불검출,214.5,6.5,42.3,,,2024-03-04,2792400029-01
구리시,신축공동주택,신축공동주택,구리갈매 자족1 지식산업센터(기숙사),경기 구리시 갈매동 545,226호,,,,16.0,,,50.0,불검출,521.3,24.9,81.1,,,2024-03-04,2792400029-02
구리시,신축공동주택,신축공동주택,구리갈매 자족1 지식산업센터(기숙사),경기 구리시 갈매동 545,602호,,,,11.6,,,135.0,불검출,197.4,18.2,60.2,,,2024-03-04,2792400029-03
구리시,신축공동주택,신축공동주택,구리갈매 자족1 지식산업센터(기숙사),경기 구리시 갈매동 545,626호,,,,14.8,,,111.0,불검출,446.3,23.2,100.4,,,2024-03-04,2792400029-04
구리시,신축공동주택,신축공동주택,구리갈매 자족1 지식산업센터(기숙사),경기 구리시 갈매동 545,638호,,,,11.8,,,41.7,불검출,207.2,7.7,51.6,,,2024-03-04,2792400029-05
구리시,신축공동주택,신축공동주택,구리갈매 자족1 지식산업센터(기숙사),경기 구리시 갈매동 545,936호,,,,15.5,,,89.6,불검출,360.0,27.5,91.9,,,2024-03-04,2792400029-06
구리시,신축공동주택,신축공동주택,구리갈매 자족1 지식산업센터(기숙사),경기 구리시 갈매동 545,954호,,,,22.5,,,131.0,불검출,571.1,37.8,121.4,,,2024-03-04,2792400029-07
고양시,나,의료기관,새찬요양병원,경기 고양시 덕양구 토당로67번길 2 (토당동),1층 로비,45.4,8.2,415.0,2.7,92.0,,,,,,,,,2024-03-11,2792400031-01
고양시,나,의료기관,새찬요양병원,경기 고양시 덕양구 토당로67번길 2 (토당동),2층 복도,53.2,21.6,599.0,6.0,426.0,,,,,,,,,2024-03-11,2792400031-02
고양시,나,의료기관,의료법인 한영의료재단 삼성요양병원,경기 고양시 덕양구 지도로 100 (토당동),1층 원무과,16.6,8.5,651.0,13.6,101.0,,,,,,,,,2024-03-11,2792400032-01
고양시,나,의료기관,의료법인 한영의료재단 삼성요양병원,경기 고양시 덕양구 지도로 100 (토당동),5층 병동,37.5,19.0,677.0,11.5,163.0,,,,,,,,,2024-03-11,2792400032-02
고양시,나,어린이집,코레일고양어린이집,경기 고양시 덕양구 행주로 108-1 (강매동),1F 해반,25.2,12.6,410.0,5.7,115.0,,,,,,,,,2024-03-11,2792400033-01
고양시,나,어린이집,코레일고양어린이집,경기 고양시 덕양구 행주로 108-1 (강매동),2F 유희실,18.1,10.5,467.0,4.2,106.0,,,,,,,,,2024-03-11,2792400033-02
고양시,나,노인요양시설,미소인요양원,경기 고양시 덕양구 행주산성로 177 (행주외동),1F 로비,15.3,11.5,679.0,11.3,149.0,,,,,,,,,2024-03-11,2792400034-01
고양시,나,노인요양시설,미소인요양원,경기 고양시 덕양구 행주산성로 177 (행주외동),2F 로비,26.6,5.9,637.0,13.6,62.0,,,,,,,,,2024-03-11,2792400034-02
포천시,나,노인요양시설,산정호수 노인요양센터,경기 포천시 영북면 산정호수로 344,1층 복도,,,,,371.0,,,,,,,,,2024-03-11,2792400039-01
포천시,나,노인요양시설,산정호수 노인요양센터,경기 포천시 영북면 산정호수로 344,2층 복도,,,,,325.0,,,,,,,,,2024-03-11,2792400039-02
양주시,나,노인요양시설,온누리요양원,경기 양주시 장흥면 가마골로 246-54,1층 로비,20.4,7.9,582.0,10.7,334.0,,,,,,,,,2024-03-13,2792400040-01
양주시,나,노인요양시설,온누리요양원,경기 양주시 장흥면 가마골로 246-54,2층 204호,10.3,3.8,518.0,7.3,233.0,,,,,,,,,2024-03-13,2792400040-02
양주시,나,노인요양시설,더클래식요양원,경기 양주시 장흥면 호국로 95-12,1F 로비,33.5,6.0,884.0,13.5,63.0,,,,,,,,,2024-03-13,2792400041-01
양주시,나,노인요양시설,더클래식요양원,경기 양주시 장흥면 호국로 95-12,5F 거실,16.6,10.2,735.0,5.0,147.0,,,,,,,,,2024-03-13,2792400041-02
양주시,나,노인요양시설,일영실버케어,경기 양주시 장흥면 호국로 95-14,1F로비,13.7,5.3,730.0,9.5,145.0,,,,,,,,,2024-03-13,2792400042-01
양주시,나,노인요양시설,일영실버케어,경기 양주시 장흥면 호국로 95-14,5F생활실,25.7,15.5,446.0,10.8,105.0,,,,,,,,,2024-03-13,2792400042-02
양주시,나,어린이집,유니어린이집,경기 양주시 부흥로1907번길 117 (광사동),1F 하예반,10.6,6.5,788.0,5.2,458.0,,,,,,,,,2024-03-18,2792400044-01
양주시,나,어린이집,유니어린이집,경기 양주시 부흥로1907번길 117 (광사동),2F 복도,16.0,6.5,597.0,5.1,302.0,,,,,,,,,2024-03-18,2792400044-02
양주시,나,어린이집,키즈팜어린이집,경기 양주시 만송로 417-17 (만송동),1F 현관,16.9,4.4,714.0,7.1,236.0,,,,,,,,,2024-03-18,2792400045-01
양주시,나,어린이집,키즈팜어린이집,경기 양주시 만송로 417-17 (만송동),2F 연장반,10.9,6.3,525.0,7.4,129.0,,,,,,,,,2024-03-18,2792400045-02
양주시,나,어린이집,회천어린이집,경기 양주시 덕정9길 30 (덕정동),1층 새싹반,35.3,11.7,630.0,15.0,537.0,,,,,,,,,2024-03-21,2792400049-01
양주시,나,어린이집,회천어린이집,경기 양주시 덕정9길 30 (덕정동),2층 푸른반,23.5,11.8,686.0,9.6,356.0,,,,,,,,,2024-03-21,2792400049-02
양주시,나,어린이집,덕계어린이집,경기 양주시 평화로1435번길 56 (덕계동),1층 로비,19.7,6.7,430.0,8.0,607.0,,,,,,,,,2024-03-25,2792400050-01
양주시,나,어린이집,덕계어린이집,경기 양주시 평화로1435번길 56 (덕계동),2층 유희실,12.2,5.7,848.0,10.8,569.0,,,,,,,,,2024-03-25,2792400050-02
양주시,나,어린이집,양주경찰서 어린이집,경기 양주시 평화로 1699 (회정동),1층 현관,22.3,9.2,481.0,5.6,179.0,,,,,,,,,2024-03-25,2792400051-01
양주시,나,어린이집,양주경찰서 어린이집,경기 양주시 평화로 1699 (회정동),1층 유희실,15.2,7.7,704.0,6.7,158.0,,,,,,,,,2024-03-25,2792400051-02
양주시,나,어린이집,예인프리스쿨 어린이집,경기 양주시 화합로1597번길 40 (회암동),1층 캠브리지반,14.8,9.0,478.0,5.6,280.0,,,,,,,,,2024-03-25,2792400052-01
양주시,나,어린이집,예인프리스쿨 어린이집,경기 양주시 화합로1597번길 40 (회암동),3층 특강반,24.6,5.9,991.0,10.2,345.0,,,,,,,,이산화탄소,2024-03-25,2792400052-02
의정부시,나,어린이집,경기북부경찰청 어린이집,경기 의정부시 금오로23번길 22-49 (금오동),1층 도담반,9.7,5.7,679.0,6.7,403.0,,,,,,,,,2024-03-25,2792400053-01
의정부시,나,어린이집,경기북부경찰청 어린이집,경기 의정부시 금오로23번길 22-49 (금오동),3층 도담뜰,8.7,5.9,951.0,9.3,193.0,,,,,,,,이산화탄소,2024-03-25,2792400053-02
양주시,나,어린이집,공립 백석어린이집,경기 양주시 백석읍 꿈나무로 193,1층 유희실,25.3,20.9,705.0,6.6,134.0,,,,,,,,,2024-03-26,2792400056-01
양주시,나,어린이집,공립 백석어린이집,경기 양주시 백석읍 꿈나무로 193,2층 유희실,26.7,10.5,804.0,6.0,114.0,,,,,,,,,2024-03-26,2792400056-02
의정부시,나,어린이집,녹양어린이집,경기 의정부시 체육로 250-25 (녹양동),1층 로비,29.6,16.7,517.0,4.0,208.0,,,,,,,,,2024-03-26,2792400057-01
의정부시,나,어린이집,녹양어린이집,경기 의정부시 체육로 250-25 (녹양동),2층 놀이꿈터,29.4,18.7,686.0,6.6,187.0,,,,,,,,,2024-03-26,2792400057-02
양주시,나,의료기관,송추효사랑요양병원,경기 양주시 장흥면 호국로 439-22,1층 로비,7.5,4.4,459.0,3.1,428.0,,,,,,,,,2024-04-08,2792400071-01
양주시,나,의료기관,송추효사랑요양병원,경기 양주시 장흥면 호국로 439-22,3층 302호,16.2,7.3,433.0,7.7,234.0,,,,,,,,,2024-04-08,2792400071-02
양주시,가,영화상영관,메가박스 양주,경기 양주시 고읍남로 6-6 (광사동),9층 홀,15.9,9.6,506.0,3.0,,,,,,,,,,2024-04-08,2792400072-01
양주시,가,영화상영관,메가박스 양주,경기 양주시 고읍남로 6-6 (광사동),10층 복도,11.6,8.4,386.0,2.9,,,,,,,,,,2024-04-08,2792400072-02
양주시,나,어린이집,별빛아이어린이집,경기 양주시 독바위로300번길 12 A동(옥정동),1층 나눔반,23.0,11.1,462.0,4.1,764.0,,,,,,,,,2024-04-09,2792400073-01
양주시,나,어린이집,별빛아이어린이집,경기 양주시 독바위로300번길 12 A동(옥정동),4층 강당,17.6,11.7,454.0,4.6,95.0,,,,,,,,,2024-04-09,2792400073-02
양주시,나,의료기관,서울대효요양병원,경기 양주시 고읍남로 36 (광사동) 골든스퀘어 3~6층,5층 로비,25.9,18.1,819.0,6.1,720.0,,,,,,,,,2024-04-09,2792400074-01
양주시,나,의료기관,서울대효요양병원,경기 양주시 고읍남로 36 (광사동) 골든스퀘어 3~6층,6층 복도,40.7,27.7,517.0,6.5,234.0,,,,,,,,,2024-04-09,2792400074-02
양주시,나,노인요양시설,성신요양원,경기 양주시 양주산성로49번길 54 (남방동),1층 복도,24.6,14.0,787.0,11.8,155.0,,,,,,,,,2024-04-12,2792400075-01
양주시,나,노인요양시설,성신요양원,경기 양주시 양주산성로49번길 54 (남방동),2층 복도,26.2,14.3,1213.0,16.8,414.0,,,,,,,,이산화탄소,2024-04-12,2792400075-02
양주시,나,노인요양시설,서진요양원,경기 양주시 원학로147번길 53 에이동(광사동),1층 복도,13.1,8.6,617.0,10.0,91.0,,,,,,,,,2024-04-09,2792400076-01
양주시,나,노인요양시설,서진요양원,경기 양주시 원학로147번길 53 에이동(광사동),2층 물리치료실,15.4,10.2,1033.0,40.5,365.0,,,,,,,,이산화탄소,2024-04-09,2792400076-02
구리시,나,의료기관,윤서병원,경기 구리시 건원대로 47 (인창동),1층 로비,22.6,9.2,806.0,6.6,175.0,,,,,,,,,2024-04-15,2792400079-01
구리시,나,의료기관,윤서병원,경기 구리시 건원대로 47 (인창동),2층 물리치료실,21.3,6.9,945.0,14.3,238.0,,,,,,,,이산화탄소,2024-04-15,2792400079-02
구리시,나,의료기관,좋은아침병원,경기 구리시 경춘로 144 (교문동),1층 로비,28.0,9.1,1003.0,7.7,913.0,,,,,,,,"이산화탄소,총부유세균",2024-04-15,2792400080-01
구리시,나,의료기관,좋은아침병원,경기 구리시 경춘로 144 (교문동),5층 복도,11.9,6.5,857.0,8.1,191.0,,,,,,,,,2024-04-15,2792400080-02
구리시,나,의료기관,율치한방병원,경기 구리시 체육관로 163 (교문동),6F 로비,11.4,8.2,575.0,6.2,108.0,,,,,,,,,2024-04-15,2792400081-01
구리시,나,의료기관,율치한방병원,경기 구리시 체육관로 163 (교문동),7F 로비,30.8,8.9,614.0,6.9,428.0,,,,,,,,,2024-04-15,2792400081-02
구리시,나,의료시설,리체한방병원,경기 구리시 경춘로162번길 26 (교문동),1F 로비,17.7,8.9,692.0,12.7,123.0,,,,,,,,,2024-04-15,2792400083-01
구리시,나,의료시설,리체한방병원,경기 구리시 경춘로162번길 26 (교문동),3F 로비,14.6,12.5,657.0,9.5,202.0,,,,,,,,,2024-04-15,2792400083-02
구리시,나,의료기관,구리한빛요양병원,경기 구리시 검배로 42 (수택동),3층 치료실,19.9,10.2,708.0,22.8,357.0,,,,,,,,,2024-04-17,2792400085-01
구리시,나,의료기관,구리한빛요양병원,경기 구리시 검배로 42 (수택동),4층 로비,22.6,5.3,750.0,22.5,242.0,,,,,,,,,2024-04-17,2792400085-02
구리시,나,산후조리원,리베산후조리원 구리점,경기 구리시 벌말로 145 (토평동) 3층,3층 로비,11.9,8.7,667.0,18.9,231.0,,,,,,,,,2024-04-17,2792400086-01
구리시,나,산후조리원,리베산후조리원 구리점,경기 구리시 벌말로 145 (토평동) 3층,3층 복도,13.3,8.3,837.0,20.5,226.0,,,,,,,,,2024-04-17,2792400086-02
구리시,나,노인요양시설,효사랑 요양원,경기 구리시 동구릉로460번길 8 (사노동),1F 로비,18.8,12.5,911.0,7.7,150.0,,,,,,,,이산화탄소,2024-04-17,2792400087-01
구리시,나,노인요양시설,효사랑 요양원,경기 구리시 동구릉로460번길 8 (사노동),4F 생활실,28.8,9.2,424.0,9.3,143.0,,,,,,,,,2024-04-17,2792400087-02
의정부시,나,노인요양시설,축복의 향기 요양원,경기 의정부시 송산로939번길 79 (산곡동),A동 1F 로비,12.7,6.2,889.0,12.9,193.0,,,,,,,,,2024-04-17,2792400088-01
의정부시,나,노인요양시설,축복의 향기 요양원,경기 의정부시 송산로939번길 79 (산곡동),C동 1F 로비,28.8,18.3,591.0,20.0,182.0,,,,,,,,,2024-04-17,2792400088-02
남양주시,신축공동주택,신축공동주택,남양주 다산진건지구 오피스텔 개발사업,경기 남양주시 다산동 6056,611호,,,,9.3,,,136.0,불검출,267.42,불검출,불검출,,,2024-04-17,2792400089-01
남양주시,신축공동주택,신축공동주택,남양주 다산진건지구 오피스텔 개발사업,경기 남양주시 다산동 6056,612호,,,,5.9,,,71.9,불검출,124.68,불검출,불검출,,,2024-04-17,2792400089-02
남양주시,신축공동주택,신축공동주택,남양주 다산진건지구 오피스텔 개발사업,경기 남양주시 다산동 6056,910호,,,,11.4,,,192.0,불검출,290.39,불검출,불검출,,라돈(밀폐),2024-04-17,2792400089-03
남양주시,신축공동주택,신축공동주택,남양주 다산진건지구 오피스텔 개발사업,경기 남양주시 다산동 6056,911호,,,,11.8,,,220.0,불검출,145.1,불검출,불검출,,라돈(밀폐),2024-04-17,2792400089-04
남양주시,신축공동주택,신축공동주택,남양주 다산진건지구 오피스텔 개발사업,경기 남양주시 다산동 6056,912호,,,,10.0,,,203.0,불검출,45.29,불검출,불검출,,라돈(밀폐),2024-04-17,2792400089-05
남양주시,신축공동주택,신축공동주택,남양주 다산진건지구 오피스텔 개발사업,경기 남양주시 다산동 6056,1211호,,,,5.0,,,79.7,불검출,96.92,불검출,불검출,,,2024-04-17,2792400089-06
남양주시,신축공동주택,신축공동주택,남양주 다산진건지구 오피스텔 개발사업,경기 남양주시 다산동 6056,1212호,,,,8.6,,,42.6,불검출,97.89,불검출,불검출,,,2024-04-17,2792400089-07
포천시,나,의료기관,범문의료재단 진요양병원,경기 포천시 소흘읍 송우로 80,3층 구검진실,24.6,16.8,894.0,10.4,193.0,,,,,,,,,2024-04-22,2792400091-01
포천시,나,의료기관,범문의료재단 진요양병원,경기 포천시 소흘읍 송우로 80,4층 휴게실,38.9,13.1,676.0,8.7,229.0,,,,,,,,,2024-04-22,2792400091-02
포천시,나,어린이집,신광새싹어린이집,경기 포천시 소흘읍 화합로264번길 73,1층 가람반,37.8,25.4,515.0,16.2,477.0,,,,,,,,,2024-04-22,2792400092-01
포천시,나,어린이집,신광새싹어린이집,경기 포천시 소흘읍 화합로264번길 73,2층 산들반,41.3,16.8,614.0,20.3,306.0,,,,,,,,,2024-04-22,2792400092-02
포천시,나,어린이집,원암어린이집,경기 포천시 소흘읍 송선로 67,1F 샘물반,20.9,16.5,683.0,19.1,508.0,,,,,,,,,2024-04-22,2792400093-01
포천시,나,어린이집,원암어린이집,경기 포천시 소흘읍 송선로 67,1F 별님반,20.3,11.2,572.0,12.7,609.0,,,,,,,,,2024-04-22,2792400093-02
포천시,나,어린이집,짐랜드 어린이집,경기 포천시 송선로 203 (설운동),1F 로비,41.6,28.8,620.0,21.7,1547.0,,,,,,,,총부유세균,2024-04-22,2792400094-01
포천시,나,어린이집,짐랜드 어린이집,경기 포천시 송선로 203 (설운동),3F 강당,33.2,13.7,705.0,20.2,1277.0,,,,,,,,총부유세균,2024-04-22,2792400094-02
포천시,나,노인요양시설,서울베스트케어,경기 포천시 소흘읍 광릉수목원로 1159-1,1층 로비,34.6,18.9,449.0,16.1,143.0,,,,,,,,,2024-04-23,2792400095-01
포천시,나,노인요양시설,서울베스트케어,경기 포천시 소흘읍 광릉수목원로 1159-1,4층 생활실,26.3,9.5,664.0,32.0,314.0,,,,,,,,,2024-04-23,2792400095-02
포천시,나,노인요양시설,드림시니어케어,경기 포천시 소흘읍 광릉수목원로 1159-2,1층 로비,36.0,9.7,526.0,15.3,117.0,,,,,,,,,2024-04-23,2792400096-01
포천시,나,노인요양시설,드림시니어케어,경기 포천시 소흘읍 광릉수목원로 1159-2,4층 생활관,27.6,16.3,851.0,44.3,74.0,,,,,,,,,2024-04-23,2792400096-02
포천시,나,어린이집,J아람어린이집,경기 포천시 소흘읍 검바위1길 14-59,1F 복도,46.9,18.7,734.0,11.9,1147.0,,,,,,,,총부유세균,2024-04-23,2792400097-01
포천시,나,어린이집,J아람어린이집,경기 포천시 소흘읍 검바위1길 14-59,2F 복도,24.2,10.5,593.0,12.1,381.0,,,,,,,,,2024-04-23,2792400097-02
포천시,나,어린이집,올리어린이집,경기 포천시 소흘읍 태봉로63번길 13,1F 로비,35.3,18.0,588.0,14.5,165.0,,,,,,,,,2024-04-23,2792400098-01
포천시,나,어린이집,올리어린이집,경기 포천시 소흘읍 태봉로63번길 13,2F 소리반,28.3,14.0,804.0,30.6,327.0,,,,,,,,,2024-04-23,2792400098-02
포천시,나,어린이집,아이정원어린이집,경기 포천시 왕방로252번길 8 (신읍동),1층 로비,53.7,18.0,828.0,24.0,1173.0,,,,,,,,총부유세균,2024-04-29,2792400101-01
포천시,나,어린이집,아이정원어린이집,경기 포천시 왕방로252번길 8 (신읍동),2층 예다움반,46.7,10.4,698.0,16.1,235.0,,,,,,,,,2024-04-29,2792400101-02
포천시,나,노인요양시설,포천분도마을,경기 포천시 자작로4길 71 (자작동),1층 휴게실,30.4,9.1,368.0,20.8,127.0,,,,,,,,,2024-04-29,2792400102-01
포천시,나,노인요양시설,포천분도마을,경기 포천시 자작로4길 71 (자작동),1층 다목적실,40.4,26.0,440.0,10.0,615.0,,,,,,,,,2024-04-29,2792400102-02
포천시,가,인터넷컴퓨터게임시설,시크릿피시방,경기 포천시 소흘읍 솔모루로 31,4층 로비,42.6,10.8,456.0,22.2,,,,,,,,,,2024-04-29,2792400103-01
포천시,가,인터넷컴퓨터게임시설,시크릿피시방,경기 포천시 소흘읍 솔모루로 31,4층 289좌석,48.6,16.2,401.0,33.2,,,,,,,,,,2024-04-29,2792400103-02
포천시,나,노인요양시설,우리가족요양원,경기 포천시 소흘읍 죽엽산로35번길 36-25,1층 로비,50.8,14.3,541.0,29.4,462.0,,,,,,,,,2024-04-29,2792400104-01
포천시,나,노인요양시설,우리가족요양원,경기 포천시 소흘읍 죽엽산로35번길 36-25,3층 거실,60.1,10.5,564.0,26.2,138.0,,,,,,,,,2024-04-29,2792400104-02
포천시,나,어린이집,산내들어린이집,경기 포천시 영북면 영북로 206 (산내들 아이파크),유희실,26.8,16.4,647.0,12.0,403.0,,,,,,,,,2024-05-01,2792400106-01
포천시,나,어린이집,산내들어린이집,경기 포천시 영북면 영북로 206 (산내들 아이파크),도서영역,21.4,13.9,414.0,11.2,155.0,,,,,,,,,2024-05-01,2792400106-02
포천시,가,영화상영관,클라우드시네마,경기 포천시 영북면 운천로23번길 7-8,로비,53.6,13.6,334.0,12.7,,,,,,,,,,2024-05-01,2792400107-01
포천시,가,영화상영관,클라우드시네마,경기 포천시 영북면 운천로23번길 7-8,2층 상영관,35.4,10.7,462.0,10.5,,,,,,,,,,2024-05-01,2792400107-02
가평군,나,의료기관,가평푸른숲요양병원,경기 가평군 상면 물골길 262-23,1층 로비(본관),29.6,11.2,353.0,7.7,173.0,,,,,,,,,2024-05-07,2792400111-01
가평군,나,의료기관,가평푸른숲요양병원,경기 가평군 상면 물골길 262-23,3층 휴게실(B동),16.2,8.7,425.0,4.0,109.0,,,,,,,,,2024-05-07,2792400111-02
포천시,나,어린이집,승진어린이집,경기 포천시 화현면 화동로 587-1,1층 도서관,13.4,8.1,770.0,22.9,158.0,,,,,,,,,2024-05-07,2792400112-01
포천시,나,어린이집,승진어린이집,경기 포천시 화현면 화동로 587-1,2층 창의쑥쑥반,30.0,7.0,761.0,19.5,323.0,,,,,,,,,2024-05-07,2792400112-02
포천시,나,노인요양시설,효담전문요양원,경기 포천시 가산면 부흥로 718,1F 면회실,17.9,8.3,654.0,12.3,94.0,,,,,,,,,2024-05-07,2792400113-01
포천시,나,노인요양시설,효담전문요양원,경기 포천시 가산면 부흥로 718,2F 복도,14.6,9.5,623.0,7.3,148.0,,,,,,,,,2024-05-07,2792400113-02
포천시,나,의료기관,새맘의료재단,경기 포천시 내촌면 금강로2536번길 112-12,1F 로비,14.9,8.0,347.0,3.1,119.0,,,,,,,,,2024-05-07,2792400114-01
포천시,나,의료기관,새맘의료재단,경기 포천시 내촌면 금강로2536번길 112-12,3F 로비,18.9,11.5,471.0,4.0,122.0,,,,,,,,,2024-05-07,2792400114-02
의정부시,가,장례식장,보람의정부장례식장,경기 의정부시 추동로 253 (신곡동) 지하1층,휴게실1,16.0,6.5,502.0,,,,,,,,,,,2024-04-29,2792400116-01
의정부시,가,장례식장,보람의정부장례식장,경기 의정부시 추동로 253 (신곡동) 지하1층,휴게실2,15.9,8.7,495.0,,,,,,,,,,,2024-04-29,2792400116-02
포천시,가,박물관,국립수목원 산림박물관,경기 포천시 소흘읍 광릉수목원로 415,1층 로비,7.9,5.5,402.0,5.6,,,,,,,,,,2024-05-07,2792400117-01
포천시,가,박물관,국립수목원 산림박물관,경기 포천시 소흘읍 광릉수목원로 415,2층 3전시실 복도,11.1,5.5,374.0,25.3,,,,,,,,,,2024-05-07,2792400117-02
남양주시,나,노인요양시설,더캐슬요양원,경기 남양주시 진접읍 진벌로 127,1층 로비,14.3,3.2,610.0,22.1,343.0,,,,,,,,,2024-05-07,2792400118-01
남양주시,나,노인요양시설,더캐슬요양원,경기 남양주시 진접읍 진벌로 127,지하1층 회의실,18.0,6.6,375.0,9.2,70.0,,,,,,,,,2024-05-07,2792400118-02
남양주시,나,의료기관,진접제일요양병원,경기 남양주시 진접읍 광릉내로 99,1층 로비,23.9,14.0,413.0,19.7,126.0,,,,,,,,,2024-05-07,2792400119-01
남양주시,나,의료기관,진접제일요양병원,경기 남양주시 진접읍 광릉내로 99,5층 로비,18.4,10.9,537.0,3.9,81.0,,,,,,,,,2024-05-07,2792400119-02
파주시 푸른환경사업본부,가,대규모점포,홈플러스 운정점 더콜로니운정(주),경기 파주시 청암로17번길 17 (목동동),지하1층 가전매장,16.8,11.7,475.0,9.9,,,,,,,,,,2024-05-09,2792400124-01
파주시 푸른환경사업본부,가,대규모점포,홈플러스 운정점 더콜로니운정(주),경기 파주시 청암로17번길 17 (목동동),지하1층 15번계산대,21.6,9.7,466.0,5.6,,,,,,,,,,2024-05-09,2792400124-02
파주시 푸른환경사업본부,가,대규모점포,홈플러스 운정점 더콜로니운정(주),경기 파주시 청암로17번길 17 (목동동),1층 정문 앞,28.7,14.5,529.0,8.3,,,,,,,,,,2024-05-09,2792400124-03
파주시 푸른환경사업본부,가,대규모점포,홈플러스 운정점 더콜로니운정(주),경기 파주시 청암로17번길 17 (목동동),1층 모던하우스 앞,37.4,16.6,485.0,15.7,,,,,,,,,,2024-05-09,2792400124-04
파주시 푸른환경사업본부,신축공동주택,신축공동주택,제일풍경채,경기 파주시 범벅들길 100 (다율동),601동 303호,,,,31.6,,,187.1,58.2,2276.0,119.3,329.4,,"벤젠,라돈(밀폐),톨루엔",2024-05-16,2792400126-01
파주시 푸른환경사업본부,신축공동주택,신축공동주택,제일풍경채,경기 파주시 범벅들길 100 (다율동),601동 305호,,,,48.7,,,222.1,27.4,4414.7,80.2,191.5,,"톨루엔,라돈(밀폐)",2024-05-16,2792400126-02
파주시 푸른환경사업본부,신축공동주택,신축공동주택,제일풍경채,경기 파주시 범벅들길 100 (다율동),602동 1001호,,,,81.7,,,580.6,428,14122.4,239.8,612.8,,"라돈(밀폐),톨루엔,벤젠",2024-05-16,2792400126-03
파주시 푸른환경사업본부,신축공동주택,신축공동주택,제일풍경채,경기 파주시 범벅들길 100 (다율동),602동 1002호,,,,41.0,,,324.8,58.96,6034.5,196.7,616.1,,"벤젠,라돈(밀폐),톨루엔",2024-05-16,2792400126-04
파주시 푸른환경사업본부,신축공동주택,신축공동주택,제일풍경채,경기 파주시 범벅들길 100 (다율동),608동 1703호,,,,33.8,,,248.4,60.9,4894.1,134.7,436.8,,"톨루엔,벤젠,라돈(밀폐)",2024-05-16,2792400126-05
파주시 푸른환경사업본부,신축공동주택,신축공동주택,제일풍경채,경기 파주시 범벅들길 100 (다율동),608동 1705호,,,,45.8,,,200.9,121.9,5671.1,61.5,142.5,,"벤젠,톨루엔,라돈(밀폐)",2024-05-16,2792400126-06
파주시 푸른환경사업본부,다,실내주차장,홈플러스 운정점 더콜로니운정(주),경기 파주시 청암로17번길 17 (목동동),지하2층 21구역,50.6,,702.0,6.5,,,,,,,,,,2024-05-09,2792400128-01
파주시 푸른환경사업본부,다,실내주차장,홈플러스 운정점 더콜로니운정(주),경기 파주시 청암로17번길 17 (목동동),지하2층 출구,38.7,,483.0,5.2,,,,,,,,,,2024-05-09,2792400128-02
파주시 푸른환경사업본부,다,실내주차장,홈플러스 운정점 더콜로니운정(주),경기 파주시 청암로17번길 17 (목동동),지상5층 41구역,31.9,,547.0,4.0,,,,,,,,,,2024-05-09,2792400128-03
파주시 푸른환경사업본부,다,실내주차장,홈플러스 운정점 더콜로니운정(주),경기 파주시 청암로17번길 17 (목동동),지상5층 매장입구,38.4,,662.0,6.0,,,,,,,,,,2024-05-09,2792400128-04
파주시 푸른환경사업본부,다,실내주차장,신우빌딩,경기 파주시 청암로17번길 31 (목동동),지하1층 주차장,40.1,,1267.0,10.4,,,,,,,,,이산화탄소,2024-05-09,2792400129-01
파주시 푸른환경사업본부,다,실내주차장,신우빌딩,경기 파주시 청암로17번길 31 (목동동),지하2층 주차장,27.4,,1073.0,9.9,,,,,,,,,이산화탄소,2024-05-09,2792400129-02
파주시 푸른환경사업본부,나,의료기관,인본병원,경기 파주시 청암로17번길 31 (목동동),3층 로비,17.0,13.0,834.0,32.4,97.0,,,,,,,,,2024-05-09,2792400130-01
파주시 푸른환경사업본부,나,의료기관,인본병원,경기 파주시 청암로17번길 31 (목동동),5층 로비,17.2,9.9,749.0,29.9,410.0,,,,,,,,,2024-05-09,2792400130-02
남양주시,나,노인요양시설,남양주삼성요양원,경기 남양주시 진건읍 진건오남로374번길 29-8,1층 로비,15.9,9.4,410.0,4.3,219.0,,,,,,,,,2024-05-22,2792400135-01
남양주시,나,노인요양시설,남양주삼성요양원,경기 남양주시 진건읍 진건오남로374번길 29-8,3층 생활거실,31.0,27.6,526.0,7.9,140.0,,,,,,,,,2024-05-22,2792400135-02
남양주시,나,노인요양시설,노블스테이요양원,경기 남양주시 오남읍 진건오남로555번길 17-5,2층 로비,22.4,9.2,516.0,5.2,116.0,,,,,,,,,2024-05-22,2792400136-01
남양주시,나,노인요양시설,노블스테이요양원,경기 남양주시 오남읍 진건오남로555번길 17-5,3층 로비,30.6,10.7,517.0,11.4,271.0,,,,,,,,,2024-05-22,2792400136-02
파주시 푸른환경사업본부,나,어린이집,광탄어린이집,경기 파주시 광탄면 혜음로 1305,A동 보육실,16.7,16.4,485.0,33.4,384.2,,,,,,,,,2024-05-29,2792400144-01
파주시 푸른환경사업본부,나,어린이집,광탄어린이집,경기 파주시 광탄면 혜음로 1305,B동 특별활동실,16.6,16.6,347.0,39.4,219.5,,,,,,,,,2024-05-29,2792400144-02
파주시 푸른환경사업본부,나,노인요양시설,파주행복요양원,경기 파주시 광탄면 양지말길 89,프로그램실,22.1,19.8,535.0,13.4,174.0,,,,,,,,,2024-05-29,2792400145-01
파주시 푸른환경사업본부,나,노인요양시설,파주행복요양원,경기 파주시 광탄면 양지말길 89,물리치료실,20.7,14.2,479.0,13.9,198.1,,,,,,,,,2024-05-29,2792400145-02
동두천시,나,어린이집,동두천경찰서어린이집,경기 동두천시 상패로 89 (상패동),2층 유희실,24.1,10.4,468.0,11.5,94.0,,,,,,,,,2024-06-12,2792400156-01
동두천시,나,어린이집,동두천경찰서어린이집,경기 동두천시 상패로 89 (상패동),3층 해솔반,12.4,9.2,407.0,22.7,87.0,,,,,,,,,2024-06-12,2792400156-02
동두천시,나,노인요양시설,동두천노인복지요양센터,경기 동두천시 상패로 85 (상패동),1층 로비,12.2,3.2,691.0,18.4,413.0,,,,,,,,,2024-06-12,2792400157-01
동두천시,나,노인요양시설,동두천노인복지요양센터,경기 동두천시 상패로 85 (상패동),2층 로비,10.8,10.8,541.0,20.5,145.0,,,,,,,,,2024-06-12,2792400157-02
동두천시,나,노인요양시설,주사량요양원,경기 동두천시 중앙로298번길 6-10 (생연동),2층 거실,19.0,10.1,531.0,18.2,729.0,,,,,,,,,2024-06-12,2792400159-01
동두천시,나,노인요양시설,주사량요양원,경기 동두천시 중앙로298번길 6-10 (생연동),3층 로비,23.2,13.4,411.0,25.1,386.0,,,,,,,,,2024-06-12,2792400159-02
양주시,나,노인요양시설,성신요양원,경기 양주시 양주산성로49번길 54 (남방동),1층 복도,,,660.0,,,,,,,,,,,2024-06-03,2792400163-01
양주시,나,노인요양시설,성신요양원,경기 양주시 양주산성로49번길 54 (남방동),2층 거실,,,585.0,,,,,,,,,,,2024-06-03,2792400163-02
의정부시,나,의료기관,연세하늘병원,경기 의정부시 평화로 704 (가능동),1층 로비,11.6,9.1,780.0,12.8,2673.0,,,,,,,,총부유세균,2024-06-17,2792400164-01
의정부시,나,의료기관,연세하늘병원,경기 의정부시 평화로 704 (가능동),5층 로비,17.7,7.7,689.0,16.3,445.0,,,,,,,,,2024-06-17,2792400164-02
파주시 푸른환경사업본부,나,어린이집,어울림어린이집,경기 파주시 문산읍 통일로 1750 (문산어울림),1층 로비,13.9,5.0,596.0,6.6,452.0,,,,,,,,,2024-06-17,2792400165-01
파주시 푸른환경사업본부,나,어린이집,어울림어린이집,경기 파주시 문산읍 통일로 1750 (문산어울림),2층 로비,13.2,5.7,669.0,10.4,609.0,,,,,,,,,2024-06-17,2792400165-02
경기도보건환경연구원북부지원,기타,통학차량,남문중학교,경기 양주시 남면 개나리18길 1,남문중학교 통학차량,,,1024.0,,,,,,,,,,,2024-06-12,4792400001-01
경기도보건환경연구원북부지원,기타,통학차량,양주도담학교,경기 양주시 옥정서로5길 121 (옥정동),양주도담학교 통학차량,,,985.0,,,,,,,,,,,2024-06-12,4792400002-01
경기도보건환경연구원북부지원,기타,통학차량,유양초등학교,경기 양주시 부흥로 1373-7 (유양동),유양초등학교 통학차량,,,608.0,,,,,,,,,,,2024-06-12,4792400003-01
경기도보건환경연구원북부지원,기타,통학차량,마정초등학교,경기 파주시 문산읍 마정로124번길 13,마정초등학교 통학차량,,,1010.0,,,,,,,,,,,2024-06-12,4792400004-01
경기도보건환경연구원북부지원,기타,통학차량,새얼학교,경기 파주시 법원읍 술이홀로1333번길 69,새얼학교 통학차량,,,1036.0,,,,,,,,,,,2024-06-12,4792400005-01
경기도보건환경연구원북부지원,기타,통학차량,양주유치원,경기 양주시 옥정동로 240 (옥정동),양주유치원 통학차량,,,872.0,,,,,,,,,,,2024-06-12,4792400006-01
양주시,가,학원,월드비전학원,경기 양주시 광적면 화합로 135,1층 로비,23.7,21.4,470.0,6.3,,,,,,,,,,2024-06-17,2792400170-01
양주시,가,학원,월드비전학원,경기 양주시 광적면 화합로 135,2층 201호,19.5,5.1,457.0,28.6,,,,,,,,,,2024-06-17,2792400170-02
양주시,신축공동주택,신축공동주택,힐스테이트 양주옥정 파티오포레,경기 양주시 월정로 27 (옥정동),510-7,,,,95.5,,,76.9,불검출,138.9,256.5,446.3,,,2024-06-25,2792400173-01
양주시,신축공동주택,신축공동주택,힐스테이트 양주옥정 파티오포레,경기 양주시 월정로 27 (옥정동),602-1,,,,42.1,,,77.7,불검출,10.8,51,101.3,,,2024-06-25,2792400173-02
양주시,신축공동주택,신축공동주택,힐스테이트 양주옥정 파티오포레,경기 양주시 월정로 27 (옥정동),602-2,,,,37.3,,,132.2,불검출,15.7,52.2,133.7,,,2024-06-25,2792400173-03
양주시,신축공동주택,신축공동주택,힐스테이트 양주옥정 파티오포레,경기 양주시 월정로 27 (옥정동),703-2,,,,67.1,,,109.0,불검출,56.7,159.6,209.4,,,2024-06-25,2792400173-04
양주시,신축공동주택,신축공동주택,힐스테이트 양주옥정 파티오포레,경기 양주시 월정로 27 (옥정동),703-5,,,,73.8,,,168.7,불검출,34.7,72.5,162,,라돈(밀폐),2024-06-25,2792400173-05
양주시,신축공동주택,신축공동주택,힐스테이트 양주옥정 파티오포레,경기 양주시 월정로 27 (옥정동),807-8,,,,75.9,,,264.5,불검출,16.8,189,315.2,,라돈(밀폐),2024-06-25,2792400173-06
양주시,신축공동주택,신축공동주택,힐스테이트 양주옥정 파티오포레,경기 양주시 월정로 27 (옥정동),906-7,,,,93.3,,,243.2,불검출,36.4,125.7,125.7,,라돈(밀폐),2024-06-25,2792400173-07
양주시,신축공동주택,신축공동주택,힐스테이트 양주옥정 파티오포레,경기 양주시 월정로 27 (옥정동),906-9,,,,59.7,,,309.4,불검출,11.9,185.6,272.8,,라돈(밀폐),2024-06-25,2792400173-08
양주시,신축공동주택,신축공동주택,힐스테이트 양주옥정 파티오포레,경기 양주시 월정로 27 (옥정동),1008-12,,,,44.0,,,92.1,불검출,6.5,81.9,104.9,,,2024-06-25,2792400173-09
양주시,신축공동주택,신축공동주택,힐스테이트 양주옥정 파티오포레,경기 양주시 월정로 27 (옥정동),1008-13,,,,52.7,,,178.2,불검출,8.3,157.4,182,,라돈(밀폐),2024-06-25,2792400173-10
양주시,가,도서관,양주옥정호수도서관,경기 양주시 옥정동로7길 110 (옥정동),1층 아동자료 코너,24.9,9.3,522.0,13.3,,,,,,,,,,2024-06-24,2792400174-01
양주시,가,도서관,양주옥정호수도서관,경기 양주시 옥정동로7길 110 (옥정동),2층 열람실 정문,18.1,10.3,774.0,18.6,,,,,,,,,,2024-06-24,2792400174-02
양주시,가,박물관,회암사지박물관,경기 양주시 회암사길 11 (율정동),1층 로비,12.1,7.8,680.0,60.4,,,,,,,,,,2024-06-24,2792400175-01
양주시,가,박물관,회암사지박물관,경기 양주시 회암사길 11 (율정동),2층 전시장 출입구,34.9,13.0,735.0,53.8,,,,,,,,,,2024-06-24,2792400175-02
경기도,다중이용시설2,업무시설,북부소방재난본부,경기 의정부시 금오로23번길 22-40 (금오동),119종합상황실,11.1,4.5,654.0,57.6,,,,,,,,,,2024-06-28,2792400178-01
경기도,다중이용시설2,업무시설,북부소방재난본부,경기 의정부시 금오로23번길 22-40 (금오동),상황회의실,12.2,6.4,761.0,54.1,,,,,,,,,,2024-06-28,2792400178-02
구리시,나,의료기관,좋은아침병원,경기 구리시 경춘로 144 (교문동),1층 로비,,,577.0,,,,,,,,,,,2024-06-20,2792400179-01
구리시,나,의료기관,좋은아침병원,경기 구리시 경춘로 144 (교문동),5층 복도,,,593.0,,,,,,,,,,,2024-06-20,2792400179-02
구리시,다,실내주차장,한양대학교 구리병원,경기 구리시 경춘로 153 (교문동),지하2층 입구,29.1,,744.0,16.5,,,,,,,,,,2024-06-28,2792400180-01
구리시,다,실내주차장,한양대학교 구리병원,경기 구리시 경춘로 153 (교문동),지하3층 입구,39.4,,845.0,18.3,,,,,,,,,,2024-06-28,2792400180-02
경기도보건환경연구원북부지원,다중이용시설2,업무시설,포천시청 종합민원실,경기 포천시 중앙로 87 (신읍동),정문 앞,43.6,20.7,826.0,35.0,,,,,,,,,,2024-07-04,4792400008-01
경기도보건환경연구원북부지원,다중이용시설2,업무시설,포천시청 종합민원실,경기 포천시 중앙로 87 (신읍동),스마트도서관 앞,34.4,18.9,627.0,31.7,,,,,,,,,,2024-07-04,4792400008-02
경기도보건환경연구원북부지원,다중이용시설2,업무시설,가평군청 종합민원실,경기 가평군 가평읍 석봉로 181,정문 옆,34.8,22.5,851.0,38.6,,,,,,,,,,2024-07-04,4792400009-01
경기도보건환경연구원북부지원,다중이용시설2,업무시설,가평군청 종합민원실,경기 가평군 가평읍 석봉로 181,우측문 부근,19.3,17.9,756.0,38.6,,,,,,,,,,2024-07-04,4792400009-02
경기도보건환경연구원북부지원,다중이용시설2,업무시설,구리시청 종합민원실,경기 구리시 아차산로 439 (교문동),위생안전과 앞,15.5,5.8,818.0,34.6,,,,,,,,,,2024-07-04,4792400010-01
경기도보건환경연구원북부지원,다중이용시설2,업무시설,구리시청 종합민원실,경기 구리시 아차산로 439 (교문동),건강체크존 앞,12.8,7.8,873.0,39.2,,,,,,,,,,2024-07-04,4792400010-02
경기도보건환경연구원북부지원,다중이용시설2,업무시설,남양주시청 종합민원실,경기 남양주시 경춘로 1037 (금곡동),1번 창구,7.8,4.0,1167.0,34.4,,,,,,,,,,2024-07-04,4792400011-01
경기도보건환경연구원북부지원,다중이용시설2,업무시설,남양주시청 종합민원실,경기 남양주시 경춘로 1037 (금곡동),12번 창구,7.5,7.6,1251.0,36.6,,,,,,,,,,2024-07-04,4792400011-02
경기도보건환경연구원북부지원,다중이용시설2,업무시설,연천군청 종합민원실,경기 연천군 연천읍 연천로 220,지적조사팀 앞,15.9,11.5,735.0,50.8,,,,,,,,,,2024-07-05,4792400012-01
경기도보건환경연구원북부지원,다중이용시설2,업무시설,연천군청 종합민원실,경기 연천군 연천읍 연천로 220,허가민원창구 앞,12.8,12.3,907.0,40.2,,,,,,,,,,2024-07-05,4792400012-02
경기도보건환경연구원북부지원,다중이용시설2,업무시설,동두천시청 민원봉사실,경기 동두천시 방죽로 23 (생연동),18번 창구 옆,14.0,8.1,848.0,38.2,,,,,,,,,,2024-07-05,4792400013-01
경기도보건환경연구원북부지원,다중이용시설2,업무시설,동두천시청 민원봉사실,경기 동두천시 방죽로 23 (생연동),도서대 좌측,14.1,11.0,921.0,48.0,,,,,,,,,,2024-07-05,4792400013-02
경기도보건환경연구원북부지원,다중이용시설2,업무시설,의정부시청 일반민원실,경기 의정부시 시민로 1 (의정부동),민원창구실,27.3,10.1,827.0,39.5,,,,,,,,,,2024-07-05,4792400014-01
경기도보건환경연구원북부지원,다중이용시설2,업무시설,의정부시청 일반민원실,경기 의정부시 시민로 1 (의정부동),여권창구실,30.6,24.2,730.0,50.1,,,,,,,,,,2024-07-05,4792400014-02
경기도보건환경연구원북부지원,다중이용시설2,업무시설,양주시청 종합민원실,경기 양주시 부흥로 1533 (남방동),민원과,24.4,14.7,861.0,35.4,,,,,,,,,,2024-07-05,4792400015-01
경기도보건환경연구원북부지원,다중이용시설2,업무시설,양주시청 종합민원실,경기 양주시 부흥로 1533 (남방동),토지관리과,32.2,21.1,763.0,35.2,,,,,,,,,,2024-07-05,4792400015-02
경기도보건환경연구원북부지원,다중이용시설2,업무시설,고양시청 종합민원실,경기 고양시 덕양구 고양시청로 10 (주교동),5번 창구,17.6,9.6,842.0,72.2,,,,,,,,,,2024-07-05,4792400016-01
경기도보건환경연구원북부지원,다중이용시설2,업무시설,고양시청 종합민원실,경기 고양시 덕양구 고양시청로 10 (주교동),농협 앞,18.4,10.1,710.0,66.7,,,,,,,,,,2024-07-05,4792400016-02
경기도보건환경연구원북부지원,다중이용시설2,업무시설,파주시청 종합민원실,경기 파주시 시청로 50 (아동동),북카페,22.4,22.3,1421.0,67.0,,,,,,,,,,2024-07-05,4792400017-01
경기도보건환경연구원북부지원,다중이용시설2,업무시설,파주시청 종합민원실,경기 파주시 시청로 50 (아동동),20번 창구,14.9,14.5,1083.0,49.1,,,,,,,,,,2024-07-05,4792400017-02
고양시,다,실내주차장,한화생명일산사옥,경기 고양시 일산동구 정발산로42번길 5 (장항동),지하1층 출입구,28.4,,725.0,9.7,,,,,,,,,,2024-07-15,2792400187-01
고양시,다,실내주차장,한화생명일산사옥,경기 고양시 일산동구 정발산로42번길 5 (장항동),지하2층 출입구,45.6,,654.0,16.3,,,,,,,,,,2024-07-15,2792400187-02
고양시,다,실내주차장,동문굿모닝힐1차 102동,경기 고양시 일산동구 장백로 20 (백석동),지하1층 출입구,31.7,,685.0,9.9,,,,,,,,,,2024-07-15,2792400188-01
고양시,다,실내주차장,동문굿모닝힐1차 102동,경기 고양시 일산동구 장백로 20 (백석동),지하2층 출입구,77.0,,622.0,11.5,,,,,,,,,,2024-07-15,2792400188-02
고양시,다,실내주차장,동문굿모닝힐1차 103동,경기 고양시 일산동구 장백로 26 (백석동),지하1층,34.1,,666.0,13.1,,,,,,,,,,2024-07-15,2792400189-01
고양시,다,실내주차장,동문굿모닝힐1차 103동,경기 고양시 일산동구 장백로 26 (백석동),지하2층,45.9,,594.0,14.3,,,,,,,,,,2024-07-15,2792400189-02
고양시,다,실내주차장,동문굿모닝힐1차 101동,경기 고양시 일산동구 장백로 10 (백석동),지하1층,58.0,,750.0,12.2,,,,,,,,,,2024-07-15,2792400190-01
고양시,다,실내주차장,동문굿모닝힐1차 101동,경기 고양시 일산동구 장백로 10 (백석동),지하2층,51.1,,1084.0,15.9,,,,,,,,,이산화탄소,2024-07-15,2792400190-02
고양시,다,실내주차장,포오스프라자,경기 고양시 일산서구 일중로 17 (일산동),지하1층,43.5,,769.0,15.1,,,,,,,,,,2024-07-19,2792400192-01
고양시,다,실내주차장,포오스프라자,경기 고양시 일산서구 일중로 17 (일산동),지하2층,31.8,,999.0,16.9,,,,,,,,,,2024-07-19,2792400192-02
고양시,다,실내주차장,SK브로드밴드,경기 고양시 일산동구 중앙로 1333 (장항동),지하1층 복도출입구,31.0,,497.0,9.3,,,,,,,,,,2024-07-19,2792400193-01
고양시,다,실내주차장,SK브로드밴드,경기 고양시 일산동구 중앙로 1333 (장항동),지하2층 차량진입로,39.8,,548.0,9.2,,,,,,,,,,2024-07-19,2792400193-02
경기도,다중이용시설,지하철,별내선(8호선),경기 남양주시 다산중앙로123번길 22-80 (다산동) 다산역 대합실,다산역 대합실,,,,,,47.5,,,,,,,,2024-07-24,2792400200-01
경기도,다중이용시설,지하철,별내선(8호선),경기 남양주시 다산중앙로123번길 22-80 (다산동) 다산역 승강장,다산역 승강장,,,,,,58.2,,,,,,,,2024-07-24,2792400200-02
경기도,다중이용시설,지하철,별내선(8호선),경기 남양주시 경춘북로 375 (별내동) 별내역 대합실,별내역 대합실,,,,,,66.2,,,,,,,,2024-07-24,2792400200-03
경기도,다중이용시설,지하철,별내선(8호선),경기 남양주시 경춘북로 375 (별내동) 별내역 승강장,별내역 승강장,,,,,,98.3,,,,,,,,2024-07-24,2792400200-04
경기도,다중이용시설,지하철,별내선(8호선),경기 구리시 수택동 878 장자호수공원역 대합실,장자호수공원역 대합실,,,,,,42.2,,,,,,,,2024-07-24,2792400200-05
경기도,다중이용시설,지하철,별내선(8호선),경기 구리시 수택동 878 장자호수공원역 승강장,장자호수공원역 승강장,,,,,,42.7,,,,,,,,2024-07-24,2792400200-06
경기도,다중이용시설,지하철,별내선(8호선),경기 구리시 인창동 674-1 구리역 대합실,구리역 대합실,,,,,,24.4,,,,,,,,2024-07-24,2792400200-07
경기도,다중이용시설,지하철,별내선(8호선),경기 구리시 인창동 674-1 구리역 승강장,구리역 승강장,,,,,,22.6,,,,,,,,2024-07-24,2792400200-08
경기도,다중이용시설,지하철,별내선(8호선),경기 구리시 인창동 678-7 동구릉역 대합실,동구릉역 대합실,,,,,,31.8,,,,,,,,2024-07-24,2792400200-09
경기도,다중이용시설,지하철,별내선(8호선),경기 구리시 인창동 678-7 동구릉역 승강장,동구릉역 승강장,,,,,,17.7,,,,,,,,2024-07-24,2792400200-10
남양주시,나,노인요양시설,수진사자비원,경기 남양주시 천마산로 109-30 (호평동) 수진사 자비원,1층 접수대,11.3,9.1,747.0,18.2,527.0,,,,,,,,,2024-08-02,2792400204-01
남양주시,나,노인요양시설,수진사자비원,경기 남양주시 천마산로 109-30 (호평동) 수진사 자비원,2층 접수대,4.7,3.3,637.0,25.2,457.0,,,,,,,,,2024-08-02,2792400204-02
남양주시,나,의료기관,필립요양병원,경기 남양주시 경춘로1308번길 2 (평내동) 필립요양병원,4층 접수대,7.3,2.8,593.0,20.3,214.0,,,,,,,,,2024-08-02,2792400205-01
남양주시,나,의료기관,필립요양병원,경기 남양주시 경춘로1308번길 2 (평내동) 필립요양병원,7층 접수대,10.2,4.9,621.0,28.3,212.0,,,,,,,,,2024-08-02,2792400205-02
경기도,실내공기질,지하역사,별내역,경기 구리시 건원대로34번길 32-29 (인창동),별내역 집수정,,,,,,8393.7,,,,,,,,2024-07-26,2792400209-01
경기도,실내공기질,지하역사,구리역,경기 남양주시 경춘북로 375 (별내동),구리역 집수정,,,,,,385.4,,,,,,,,2024-07-26,2792400210-01
경기도,실내공기질,지하역사,구리역,경기 남양주시 경춘북로 375 (별내동),구리역 환승통로,,,,,,6.9,,,,,,,,2024-07-26,2792400210-02
경기도,기존공동주택,,장자호수공원역,경기 구리시 경춘로 10 (교문동),장자호수공원역 집수정,,,,,,36.9,,,,,,,,2024-08-02,2792400216-01
경기도,기존공동주택,,동구릉역,구리시 인창동 679-8,동구릉역 집수정,,,,,,253.3,,,,,,,,2024-08-02,2792400217-01
경기도,기존공동주택,,다산역,남양주시 다산동 5841-2,다산역 집수정,,,,,,52.4,,,,,,,,2024-08-02,2792400218-01
남양주시,가,PC방,아론PC방청학점,경기 남양주시 별내면 청학로68번길 3,입구,14.4,6.4,1060.0,49.4,,,,,,,,,이산화탄소,2024-08-13,2792400220-01
남양주시,가,PC방,아론PC방청학점,경기 남양주시 별내면 청학로68번길 3,내부 음수대,14.0,7.8,1111.0,54.1,,,,,,,,,이산화탄소,2024-08-13,2792400220-02
남양주시,나,요양원,햇빛스마트요양원,경기 남양주시 진접읍 봉현로59번길 19,1층로비,14.8,11.3,684.0,129.0,361.0,,,,,,,,폼알데하이드,2024-08-13,2792400221-01
남양주시,나,요양원,햇빛스마트요양원,경기 남양주시 진접읍 봉현로59번길 19,4층로비,18.0,8.7,778.0,46.9,257.0,,,,,,,,,2024-08-13,2792400221-02
의정부시,나,요양원,VIP보명요양원,경기 의정부시 능곡로26번길 49 (신곡동),1층로비,7.1,3.7,552.0,42.5,448.0,,,,,,,,,2024-08-13,2792400222-01
의정부시,나,요양원,VIP보명요양원,경기 의정부시 능곡로26번길 49 (신곡동),2층 프로그램실,8.1,6.0,848.0,56.1,396.0,,,,,,,,,2024-08-13,2792400222-02
고양시,나,의료기관,로하스일산병원,경기 고양시 일산서구 일중로 59 (일산동) 로하스일산병원,4층 복도,17.8,6.2,671.0,67.0,528.0,,,,,,,,,2024-08-21,2792400224-01
고양시,나,의료기관,로하스일산병원,경기 고양시 일산서구 일중로 59 (일산동) 로하스일산병원,8층 복도,30.5,15.1,785.0,24.5,384.0,,,,,,,,,2024-08-21,2792400224-02
고양시,나,노인요양시설,일산시티요양원,경기 고양시 일산서구 원일로 69 (일산동) 일산시티요양원,정문 앞,19.3,17.4,546.0,40.3,193.0,,,,,,,,,2024-08-21,2792400225-01
고양시,나,노인요양시설,일산시티요양원,경기 고양시 일산서구 원일로 69 (일산동) 일산시티요양원,특별실,13.9,7.6,495.0,55.7,536.0,,,,,,,,,2024-08-21,2792400225-02
의정부시,신축공동주택,,더샵 리듬시티,의정부시 문화로 66,102동 204호,,,,97.0,,,63.1,불검출,842.4,47.6,불검출,,,2024-08-12,2792400226-01
의정부시,신축공동주택,,더샵 리듬시티,의정부시 문화로 66,103동 205호,,,,127.8,,,34.3,불검출,853.9,8.4,불검출,,,2024-08-12,2792400226-02
의정부시,신축공동주택,,더샵 리듬시티,의정부시 문화로 66,105동 1203호,,,,118.7,,,84.9,불검출,753.1,24.6,불검출,,,2024-08-12,2792400226-03
의정부시,신축공동주택,,더샵 리듬시티,의정부시 문화로 66,105동 1204호,,,,118.2,,,31.6,불검출,739.4,14.3,불검출,,,2024-08-12,2792400226-04
의정부시,신축공동주택,,더샵 리듬시티,의정부시 문화로 66,104동 1301호,,,,192.5,,,83.8,불검출,841.0,32.4,불검출,,,2024-08-12,2792400226-05
의정부시,신축공동주택,,더샵 리듬시티,의정부시 문화로 66,101동 2101호,,,,112.2,,,65.1,불검출,714.0,불검출,불검출,,,2024-08-12,2792400226-06
의정부시,신축공동주택,,더샵 리듬시티,의정부시 문화로 66,101동 2102호,,,,147.7,,,96.7,불검출,834.5,10.2,불검출,,,2024-08-12,2792400226-07
경기도,기존공동주택,,,구리시 수택동 878-4,장자호수공원역 집수정,,,,,,35.1,,,,,,,,2024-08-12,2792400227-01
경기도,기존공동주택,,,구리시 수택동 437-20,S1 환기구 집수정,,,,,,48.9,,,,,,,,2024-08-12,2792400227-02
경기도,기존공동주택,,,구리시 인창동 134-1,S3 환기구 집수정,,,,,,430.0,,,,,,,,2024-08-12,2792400227-03
경기도,기존공동주택,,,구리시 사노동 217-20,S4 환기구 집수정,,,,,,154.7,,,,,,,,2024-08-12,2792400227-04
경기도,기존공동주택,,,남양주시 경춘북로 375,별내역 집수정,,,,,,239.6,,,,,,,,2024-08-12,2792400227-05
고양시,신축공동주택,,탄현역지역주택조합 공동주택 신축공사,경기도 고양시 일산서구 덕이동 205번지,101동 203호,,,,85.6,,,26.7,불검출,176.6,불검출,불검출,,,2024-08-19,2792400228-01
고양시,신축공동주택,,탄현역지역주택조합 공동주택 신축공사,경기도 고양시 일산서구 덕이동 205번지,101동 204호,,,,61.3,,,26.9,불검출,60.0,불검출,불검출,,,2024-08-19,2792400228-02
고양시,신축공동주택,,탄현역지역주택조합 공동주택 신축공사,경기도 고양시 일산서구 덕이동 205번지,102동 2201호,,,,51.8,,,228.5,불검출,117.8,불검출,불검출,,라돈(밀폐),2024-08-19,2792400228-03
고양시,신축공동주택,,탄현역지역주택조합 공동주택 신축공사,경기도 고양시 일산서구 덕이동 205번지,102동 2202호,,,,31.5,,,157.5,불검출,292.4,불검출,불검출,,라돈(밀폐),2024-08-19,2792400228-04
고양시,신축공동주택,,탄현역지역주택조합 공동주택 신축공사,경기도 고양시 일산서구 덕이동 205번지,103동 3203호,,,,70.6,,,54.0,불검출,290.8,불검출,불검출,,,2024-08-19,2792400228-05
고양시,신축공동주택,,탄현역지역주택조합 공동주택 신축공사,경기도 고양시 일산서구 덕이동 205번지,103동 3204호,,,,81.5,,,81.9,불검출,479.4,불검출,불검출,,,2024-08-19,2792400228-06
의정부시,나,어린이집,경기도북부청사어린이집,경기도 의정부시 청사로 1,본관1층 복도,21.4,12.6,717.0,36.1,525.0,,,,,,,,,2024-08-22,2792400229-01
의정부시,나,어린이집,경기도북부청사어린이집,경기도 의정부시 청사로 1,신관유희실,10.3,7.1,807.0,27.2,268.0,,,,,,,,,2024-08-22,2792400229-02
포천시,나,,짐랜드어린이집,경기도 포천시 송선로 203,1층 로비,,,,,874.0,,,,,,,,총부유세균,2024-08-16,2792400230-01
포천시,나,,짐랜드어린이집,경기도 포천시 송선로 203,3층 강당,,,,,315.0,,,,,,,,,2024-08-16,2792400230-02
의정부시,나,,연세하늘병원,경기도 의정부시 평화로 704,1층로비,,,,,367.0,,,,,,,,,2024-08-16,2792400231-01
의정부시,나,,연세하늘병원,경기도 의정부시 평화로 704,5층로비,,,,,275.0,,,,,,,,,2024-08-16,2792400231-02
경기도,나,어린이집,경기도청북부청사어린이집,경기 의정부시 청사로 1 경기도청북부청사어린이집,본관 1층 복도,21.4,12.6,717.0,36.1,525.0,,,,,,,,,2024-08-22,2792400242-01
경기도,나,어린이집,경기도청북부청사어린이집,경기 의정부시 청사로 1 경기도청북부청사어린이집,신관 유희실,10.3,7.1,807.0,27.2,268.0,,,,,,,,,2024-08-22,2792400242-02
남양주시,나,의료기관,현대병원,경기 남양주시 진접읍 봉현로 21,1층 응급실(음압격리실),10.4,10.8,725.0,20.1,,,,,,,,,,,2792400243-01
남양주시,나,의료기관,현대병원,경기 남양주시 진접읍 봉현로 21,3층 320호 앞 복도,7.0,5.9,800.0,9.6,,,,,,,,,,,2792400243-02
남양주시,나,의료기관,현대병원,경기 남양주시 진접읍 봉현로 21,5층 간호사실 앞 복도,21.9,13.6,890.0,23.7,,,,,,,,,,,2792400243-03
고양시,나,노인요양시설,드림요양원,경기 고양시 일산동구 장진천길166번길 113-13 (설문동) 드림요양원,지하1층 로비,,,577.0,25.3,,,,,,,,,,,2792400244-01
고양시,나,노인요양시설,드림요양원,경기 고양시 일산동구 장진천길166번길 113-13 (설문동) 드림요양원,4층 413호,,,596.0,45.2,,,,,,,,,,,2792400244-02
고양시,나,노인요양시설,더지극정성요양원,경기 고양시 일산동구 장진천길166번길 113-17 (설문동) 더지극정성요양원,2층 로비,,,610.0,34.0,,,,,,,,,,,2792400245-01
고양시,나,노인요양시설,더지극정성요양원,경기 고양시 일산동구 장진천길166번길 113-17 (설문동) 더지극정성요양원,3층 로비,,,876.0,40.6,,,,,,,,,,,2792400245-02
